image,algorithm,threads,bandwidth,run,iterations,total_ms,shift_ms,convert_ms,avg_iter_ms
Images/bsd_134052_320x214.jpg,baseline,1,20,1,5,46632,46630.1,0.579559,9326.03
Images/bsd_134052_320x214.jpg,baseline,1,20,2,5,46657.8,46655.9,0.578256,9331.18
Images/bsd_134052_320x214.jpg,baseline,1,20,3,5,46656,46654,0.609856,9330.79
Images/bsd_134052_320x214.jpg,baseline,1,20,4,5,46647.9,46646,0.6221,9329.19
Images/bsd_134052_320x214.jpg,baseline,1,20,5,5,46652.1,46650,0.613284,9330.00
Images/bsd_134052_320x214.jpg,seq,1,20,1,5,41081.7,41080.3,0.563236,8216.06
Images/bsd_134052_320x214.jpg,seq,1,20,2,5,41126.7,41125.1,0.613673,8225.01
Images/bsd_134052_320x214.jpg,seq,1,20,3,5,41093.4,41091.8,0.65934,8218.37
Images/bsd_134052_320x214.jpg,seq,1,20,4,5,41090.4,41088.7,0.649964,8217.74
Images/bsd_134052_320x214.jpg,seq,1,20,5,5,41096.1,41094.5,0.612913,8218.90
Images/bsd_134052_320x214.jpg,soa,1,20,1,5,15848.7,15847,0.785294,3169.41
Images/bsd_134052_320x214.jpg,soa,1,20,2,5,15899.3,15897.8,0.735797,3179.55
Images/bsd_134052_320x214.jpg,soa,1,20,3,5,15921.9,15920.3,0.74755,3184.06
Images/bsd_134052_320x214.jpg,soa,1,20,4,5,15919.6,15917.9,0.78399,3183.58
Images/bsd_134052_320x214.jpg,soa,1,20,5,5,15855.1,15853.3,0.785092,3170.67
Images/bsd_134052_320x214.jpg,omp,1,20,1,5,41568.9,41567.2,0.636165,8313.44
Images/bsd_134052_320x214.jpg,omp,1,20,2,5,41598,41596.5,0.593494,8319.29
Images/bsd_134052_320x214.jpg,omp,1,20,3,5,41602.7,41601.1,0.633711,8320.22
Images/bsd_134052_320x214.jpg,omp,1,20,4,5,41605.3,41603.8,0.624903,8320.76
Images/bsd_134052_320x214.jpg,omp,1,20,5,5,41609.8,41608.1,0.641596,8321.63
Images/bsd_134052_320x214.jpg,omp,2,20,1,5,20995.1,20993.5,0.629754,4198.70
Images/bsd_134052_320x214.jpg,omp,2,20,2,5,20993.4,20991.8,0.634102,4198.35
Images/bsd_134052_320x214.jpg,omp,2,20,3,5,20994.3,20992.7,0.633821,4198.54
Images/bsd_134052_320x214.jpg,omp,2,20,4,5,21007,21005.4,0.637959,4201.08
Images/bsd_134052_320x214.jpg,omp,2,20,5,5,20993.6,20992,0.639331,4198.40
Images/bsd_134052_320x214.jpg,omp,4,20,1,5,10702.5,10700.9,0.640604,2140.18
Images/bsd_134052_320x214.jpg,omp,4,20,2,5,10672.7,10671,0.63929,2134.19
Images/bsd_134052_320x214.jpg,omp,4,20,3,5,10690.3,10688.8,0.604835,2137.75
Images/bsd_134052_320x214.jpg,omp,4,20,4,5,10692.8,10691.1,0.648219,2138.22
Images/bsd_134052_320x214.jpg,omp,4,20,5,5,10695,10693.5,0.596679,2138.69
Images/bsd_134052_320x214.jpg,omp,8,20,1,5,5475.89,5474.05,0.797857,1094.81
Images/bsd_134052_320x214.jpg,omp,8,20,2,5,5474.03,5472.2,0.865155,1094.44
Images/bsd_134052_320x214.jpg,omp,8,20,3,5,5446.83,5445.13,0.651615,1089.03
Images/bsd_134052_320x214.jpg,omp,8,20,4,5,5449.4,5447.72,0.683988,1089.54
Images/bsd_134052_320x214.jpg,omp,8,20,5,5,5461.43,5459.8,0.639291,1091.96
Images/bsd_134052_320x214.jpg,omp,12,20,1,5,3764.29,3762.44,0.916916,752.49
Images/bsd_134052_320x214.jpg,omp,12,20,2,5,3699.18,3697.41,0.815931,739.48
Images/bsd_134052_320x214.jpg,omp,12,20,3,5,3770.61,3768.67,0.92423,753.73
Images/bsd_134052_320x214.jpg,omp,12,20,4,5,3747.89,3746.08,0.871829,749.22
Images/bsd_134052_320x214.jpg,omp,12,20,5,5,3774,3772.08,0.797857,754.42
Images/bsd_134052_320x214.jpg,omp,24,20,1,5,3469.28,3467.41,0.862641,693.48
Images/bsd_134052_320x214.jpg,omp,24,20,2,5,3495.66,3493.42,1.29593,698.68
Images/bsd_134052_320x214.jpg,omp,24,20,3,5,3457.02,3454.73,1.20539,690.95
Images/bsd_134052_320x214.jpg,omp,24,20,4,5,3476.14,3474.24,0.878742,694.85
Images/bsd_134052_320x214.jpg,omp,24,20,5,5,3543.09,3541.16,0.874733,708.23
Images/bsd_134052_320x214.jpg,omp_soa,1,20,1,5,33589.1,33587.5,0.75815,6717.50
Images/bsd_134052_320x214.jpg,omp_soa,1,20,2,5,34241.6,34240,0.741278,6848.00
Images/bsd_134052_320x214.jpg,omp_soa,1,20,3,5,33437.3,33435.6,0.735877,6687.13
Images/bsd_134052_320x214.jpg,omp_soa,1,20,4,5,33428.2,33426.6,0.772127,6685.31
Images/bsd_134052_320x214.jpg,omp_soa,1,20,5,5,33440.6,33438.9,0.780643,6687.78
Images/bsd_134052_320x214.jpg,omp_soa,2,20,1,5,17007.4,17005.8,0.754112,3401.16
Images/bsd_134052_320x214.jpg,omp_soa,2,20,2,5,17068.4,17066.3,1.08828,3413.26
Images/bsd_134052_320x214.jpg,omp_soa,2,20,3,5,17048.5,17046.5,1.05351,3409.30
Images/bsd_134052_320x214.jpg,omp_soa,2,20,4,5,17085.6,17083.4,1.1754,3416.68
Images/bsd_134052_320x214.jpg,omp_soa,2,20,5,5,17043,17041,1.06093,3408.21
Images/bsd_134052_320x214.jpg,omp_soa,4,20,1,5,8725.74,8723.73,1.08093,1744.75
Images/bsd_134052_320x214.jpg,omp_soa,4,20,2,5,8734.95,8732.88,1.08908,1746.58
Images/bsd_134052_320x214.jpg,omp_soa,4,20,3,5,8713.75,8712.16,0.755155,1742.43
Images/bsd_134052_320x214.jpg,omp_soa,4,20,4,5,8710.66,8708.63,1.04956,1741.73
Images/bsd_134052_320x214.jpg,omp_soa,4,20,5,5,8712.56,8710.48,1.11046,1742.10
Images/bsd_134052_320x214.jpg,omp_soa,8,20,1,5,4519.44,4517.51,0.928748,903.50
Images/bsd_134052_320x214.jpg,omp_soa,8,20,2,5,4496.86,4494.73,1.10129,898.95
Images/bsd_134052_320x214.jpg,omp_soa,8,20,3,5,4486.04,4484.04,1.01805,896.81
Images/bsd_134052_320x214.jpg,omp_soa,8,20,4,5,4547.76,4545.88,0.95077,909.18
Images/bsd_134052_320x214.jpg,omp_soa,8,20,5,5,4567.15,4565.15,1.01972,913.03
Images/bsd_134052_320x214.jpg,omp_soa,12,20,1,5,3247.17,3245.28,0.97676,649.06
Images/bsd_134052_320x214.jpg,omp_soa,12,20,2,5,3386.86,3384.84,1.12349,676.97
Images/bsd_134052_320x214.jpg,omp_soa,12,20,3,5,3326.86,3324.43,1.51966,664.89
Images/bsd_134052_320x214.jpg,omp_soa,12,20,4,5,3266.93,3264.87,1.14246,652.97
Images/bsd_134052_320x214.jpg,omp_soa,12,20,5,5,3281.41,3279.37,1.02557,655.87
Images/bsd_134052_320x214.jpg,omp_soa,24,20,1,5,3224.81,3222.64,1.22949,644.53
Images/bsd_134052_320x214.jpg,omp_soa,24,20,2,5,3184.92,3182.73,1.28281,636.55
Images/bsd_134052_320x214.jpg,omp_soa,24,20,3,5,3202.42,3200.24,1.17413,640.05
Images/bsd_134052_320x214.jpg,omp_soa,24,20,4,5,3208.26,3205.96,1.34545,641.19
Images/bsd_134052_320x214.jpg,omp_soa,24,20,5,5,3208.38,3206.22,1.27804,641.24
Images/bsd_134052_320x214.jpg,baseline,1,100,1,5,46538.9,46536.7,0.593664,9307.34
Images/bsd_134052_320x214.jpg,baseline,1,100,2,5,46506.2,46503.9,0.587421,9300.78
Images/bsd_134052_320x214.jpg,baseline,1,100,3,5,46512.7,46510.6,0.578764,9302.11
Images/bsd_134052_320x214.jpg,baseline,1,100,4,5,46492.7,46490.7,0.583894,9298.13
Images/bsd_134052_320x214.jpg,baseline,1,100,5,5,46494.9,46492.8,0.578655,9298.55
Images/bsd_134052_320x214.jpg,seq,1,100,1,5,41060.2,41058.6,0.570539,8211.72
Images/bsd_134052_320x214.jpg,seq,1,100,2,5,41077.4,41076.1,0.526093,8215.21
Images/bsd_134052_320x214.jpg,seq,1,100,3,5,41057.4,41055.8,0.572219,8211.16
Images/bsd_134052_320x214.jpg,seq,1,100,4,5,41053.7,41052.3,0.537617,8210.46
Images/bsd_134052_320x214.jpg,seq,1,100,5,5,41059.5,41058,0.562825,8211.60
Images/bsd_134052_320x214.jpg,soa,1,100,1,5,15865.6,15864,0.702832,3172.81
Images/bsd_134052_320x214.jpg,soa,1,100,2,5,15879,15877.4,0.69136,3175.48
Images/bsd_134052_320x214.jpg,soa,1,100,3,5,15873.6,15872.1,0.714896,3174.42
Images/bsd_134052_320x214.jpg,soa,1,100,4,5,15841.7,15840.1,0.739563,3168.02
Images/bsd_134052_320x214.jpg,soa,1,100,5,5,15845.8,15844.2,0.736207,3168.84
Images/bsd_134052_320x214.jpg,omp,1,100,1,5,41558.6,41557.2,0.577898,8311.44
Images/bsd_134052_320x214.jpg,omp,1,100,2,5,41580.5,41579,0.593108,8315.80
Images/bsd_134052_320x214.jpg,omp,1,100,3,5,41588,41586.5,0.55681,8317.31
Images/bsd_134052_320x214.jpg,omp,1,100,4,5,41590.1,41588.7,0.549627,8317.74
Images/bsd_134052_320x214.jpg,omp,1,100,5,5,41578.8,41577.3,0.582209,8315.46
Images/bsd_134052_320x214.jpg,omp,2,100,1,5,20975.4,20973.6,0.84361,4194.73
Images/bsd_134052_320x214.jpg,omp,2,100,2,5,20984.9,20983.5,0.550781,4196.70
Images/bsd_134052_320x214.jpg,omp,2,100,3,5,20989.7,20988.2,0.568977,4197.64
Images/bsd_134052_320x214.jpg,omp,2,100,4,5,20988.1,20986.5,0.600276,4197.30
Images/bsd_134052_320x214.jpg,omp,2,100,5,5,20985.2,20983.5,0.600818,4196.71
Images/bsd_134052_320x214.jpg,omp,4,100,1,5,10677.4,10675.8,0.608552,2135.15
Images/bsd_134052_320x214.jpg,omp,4,100,2,5,10690.9,10689,0.866685,2137.80
Images/bsd_134052_320x214.jpg,omp,4,100,3,5,10703.8,10702.3,0.567385,2140.46
Images/bsd_134052_320x214.jpg,omp,4,100,4,5,10684.6,10683,0.599175,2136.60
Images/bsd_134052_320x214.jpg,omp,4,100,5,5,10689.9,10688.5,0.572143,2137.69
Images/bsd_134052_320x214.jpg,omp,8,100,1,5,5444.12,5442.67,0.536846,1088.53
Images/bsd_134052_320x214.jpg,omp,8,100,2,5,5474.83,5473.36,0.563447,1094.67
Images/bsd_134052_320x214.jpg,omp,8,100,3,5,5456.95,5455.39,0.589026,1091.08
Images/bsd_134052_320x214.jpg,omp,8,100,4,5,5451,5449.47,0.576232,1089.89
Images/bsd_134052_320x214.jpg,omp,8,100,5,5,5476.99,5475.45,0.657548,1095.09
Images/bsd_134052_320x214.jpg,omp,12,100,1,5,3698.07,3696.49,0.605388,739.30
Images/bsd_134052_320x214.jpg,omp,12,100,2,5,3718.74,3717.11,0.625896,743.42
Images/bsd_134052_320x214.jpg,omp,12,100,3,5,3771.15,3769.36,0.793337,753.87
Images/bsd_134052_320x214.jpg,omp,12,100,4,5,3751.11,3749.29,0.852639,749.86
Images/bsd_134052_320x214.jpg,omp,12,100,5,5,3700.79,3699.27,0.556724,739.85
Images/bsd_134052_320x214.jpg,omp,24,100,1,5,3467.4,3465.17,1.15941,693.03
Images/bsd_134052_320x214.jpg,omp,24,100,2,5,3505.48,3503.89,0.685411,700.78
Images/bsd_134052_320x214.jpg,omp,24,100,3,5,3499.29,3497.52,0.798608,699.50
Images/bsd_134052_320x214.jpg,omp,24,100,4,5,3491.66,3489.97,0.762989,697.99
Images/bsd_134052_320x214.jpg,omp,24,100,5,5,3499.01,3496.93,1.0209,699.39
Images/bsd_134052_320x214.jpg,omp_soa,1,100,1,5,42503.7,42502.1,0.741178,8500.41
Images/bsd_134052_320x214.jpg,omp_soa,1,100,2,5,42420.3,42418.9,0.697415,8483.77
Images/bsd_134052_320x214.jpg,omp_soa,1,100,3,5,42373.9,42372.3,0.737892,8474.46
Images/bsd_134052_320x214.jpg,omp_soa,1,100,4,5,42378.6,42377.1,0.700521,8475.43
Images/bsd_134052_320x214.jpg,omp_soa,1,100,5,5,42332.9,42331.3,0.75171,8466.26
Images/bsd_134052_320x214.jpg,omp_soa,2,100,1,5,21746.4,21744.5,1.00747,4348.89
Images/bsd_134052_320x214.jpg,omp_soa,2,100,2,5,21662.9,21661.2,0.757582,4332.24
Images/bsd_134052_320x214.jpg,omp_soa,2,100,3,5,21723.6,21722,0.78842,4344.39
Images/bsd_134052_320x214.jpg,omp_soa,2,100,4,5,21736.2,21734.3,0.972464,4346.86
Images/bsd_134052_320x214.jpg,omp_soa,2,100,5,5,21705.6,21704,0.748996,4340.79
Images/bsd_134052_320x214.jpg,omp_soa,4,100,1,5,11478.9,11477,1.02282,2295.40
Images/bsd_134052_320x214.jpg,omp_soa,4,100,2,5,11845.4,11843.5,0.930824,2368.71
Images/bsd_134052_320x214.jpg,omp_soa,4,100,3,5,11499.8,11497.9,1.00084,2299.57
Images/bsd_134052_320x214.jpg,omp_soa,4,100,4,5,11493.6,11491.6,1.03904,2298.32
Images/bsd_134052_320x214.jpg,omp_soa,4,100,5,5,11474.5,11472.7,0.973857,2294.54
Images/bsd_134052_320x214.jpg,omp_soa,8,100,1,5,6216.86,6214.95,0.891469,1242.99
Images/bsd_134052_320x214.jpg,omp_soa,8,100,2,5,6019.16,6016.77,1.39936,1203.35
Images/bsd_134052_320x214.jpg,omp_soa,8,100,3,5,5966.94,5964.5,1.40369,1192.90
Images/bsd_134052_320x214.jpg,omp_soa,8,100,4,5,5971.44,5969.21,1.26114,1193.84
Images/bsd_134052_320x214.jpg,omp_soa,8,100,5,5,6035.9,6034.01,0.999938,1206.80
Images/bsd_134052_320x214.jpg,omp_soa,12,100,1,5,4232.97,4231.21,0.87654,846.24
Images/bsd_134052_320x214.jpg,omp_soa,12,100,2,5,4268.26,4265.75,1.45276,853.15
Images/bsd_134052_320x214.jpg,omp_soa,12,100,3,5,4290.63,4288.72,1.00455,857.74
Images/bsd_134052_320x214.jpg,omp_soa,12,100,4,5,4378.94,4376.97,1.00166,875.39
Images/bsd_134052_320x214.jpg,omp_soa,12,100,5,5,4250.94,4248.75,1.28892,849.75
Images/bsd_134052_320x214.jpg,omp_soa,24,100,1,5,4023.74,4021.75,1.16568,804.35
Images/bsd_134052_320x214.jpg,omp_soa,24,100,2,5,4023.74,4021.52,1.29713,804.30
Images/bsd_134052_320x214.jpg,omp_soa,24,100,3,5,3917.56,3915.28,1.38546,783.06
Images/bsd_134052_320x214.jpg,omp_soa,24,100,4,5,3909.85,3907.82,1.12172,781.56
Images/bsd_134052_320x214.jpg,omp_soa,24,100,5,5,3925.33,3923.42,0.981472,784.68
Images/bsd_134052_320x214.jpg,baseline,1,200,1,5,46523.7,46521.6,0.571466,9304.33
Images/bsd_134052_320x214.jpg,baseline,1,200,2,5,46488.3,46486.3,0.596505,9297.26
Images/bsd_134052_320x214.jpg,baseline,1,200,3,5,46476.1,46474.1,0.582859,9294.83
Images/bsd_134052_320x214.jpg,baseline,1,200,4,5,46477,46475,0.549235,9295.00
Images/bsd_134052_320x214.jpg,baseline,1,200,5,5,46466.9,46464.9,0.579352,9292.98
Images/bsd_134052_320x214.jpg,seq,1,200,1,5,41049.4,41047.8,0.563391,8209.55
Images/bsd_134052_320x214.jpg,seq,1,200,2,5,41037.7,41036.4,0.527442,8207.27
Images/bsd_134052_320x214.jpg,seq,1,200,3,5,41039.6,41038.1,0.540227,8207.62
Images/bsd_134052_320x214.jpg,seq,1,200,4,5,41038.6,41037.2,0.52593,8207.44
Images/bsd_134052_320x214.jpg,seq,1,200,5,5,41036.3,41034.8,0.561778,8206.97
Images/bsd_134052_320x214.jpg,soa,1,200,1,5,15938.4,15936.9,0.711545,3187.37
Images/bsd_134052_320x214.jpg,soa,1,200,2,5,15871.1,15869.5,0.735021,3173.89
Images/bsd_134052_320x214.jpg,soa,1,200,3,5,15890.3,15888.6,0.728889,3177.73
Images/bsd_134052_320x214.jpg,soa,1,200,4,5,15878,15876.4,0.786209,3175.28
Images/bsd_134052_320x214.jpg,soa,1,200,5,5,15895.7,15894.1,0.688732,3178.82
Images/bsd_134052_320x214.jpg,omp,1,200,1,5,41554.7,41553.3,0.551629,8310.65
Images/bsd_134052_320x214.jpg,omp,1,200,2,5,41568.3,41566.8,0.58869,8313.35
Images/bsd_134052_320x214.jpg,omp,1,200,3,5,41604.5,41603.1,0.554304,8320.63
Images/bsd_134052_320x214.jpg,omp,1,200,4,5,41565.4,41563.8,0.590022,8312.77
Images/bsd_134052_320x214.jpg,omp,1,200,5,5,41577.3,41575.8,0.586446,8315.16
Images/bsd_134052_320x214.jpg,omp,2,200,1,5,20941.8,20940.2,0.591987,4188.05
Images/bsd_134052_320x214.jpg,omp,2,200,2,5,20971.4,20969.9,0.644036,4193.97
Images/bsd_134052_320x214.jpg,omp,2,200,3,5,20966.2,20964.7,0.597708,4192.94
Images/bsd_134052_320x214.jpg,omp,2,200,4,5,20968.3,20966.7,0.603468,4193.34
Images/bsd_134052_320x214.jpg,omp,2,200,5,5,20962.5,20961,0.591637,4192.19
Images/bsd_134052_320x214.jpg,omp,4,200,1,5,10675.6,10674,0.638516,2134.81
Images/bsd_134052_320x214.jpg,omp,4,200,2,5,10658.8,10657.2,0.631022,2131.45
Images/bsd_134052_320x214.jpg,omp,4,200,3,5,10681.5,10680,0.559745,2136.00
Images/bsd_134052_320x214.jpg,omp,4,200,4,5,10686.4,10684.8,0.568721,2136.97
Images/bsd_134052_320x214.jpg,omp,4,200,5,5,10676.5,10674.9,0.567049,2134.99
Images/bsd_134052_320x214.jpg,omp,8,200,1,5,5454.85,5453.3,0.562149,1090.66
Images/bsd_134052_320x214.jpg,omp,8,200,2,5,5438.88,5437.35,0.571828,1087.47
Images/bsd_134052_320x214.jpg,omp,8,200,3,5,5433.13,5431.53,0.608247,1086.31
Images/bsd_134052_320x214.jpg,omp,8,200,4,5,5440.97,5439.48,0.562841,1087.90
Images/bsd_134052_320x214.jpg,omp,8,200,5,5,5437.05,5435.54,0.575926,1087.11
Images/bsd_134052_320x214.jpg,omp,12,200,1,5,3849.3,3847.69,0.689333,769.54
Images/bsd_134052_320x214.jpg,omp,12,200,2,5,3766.68,3764.77,0.879148,752.95
Images/bsd_134052_320x214.jpg,omp,12,200,3,5,3786.17,3784.23,0.920158,756.85
Images/bsd_134052_320x214.jpg,omp,12,200,4,5,3770.96,3769.06,0.839762,753.81
Images/bsd_134052_320x214.jpg,omp,12,200,5,5,3749.23,3747.34,0.813322,749.47
Images/bsd_134052_320x214.jpg,omp,24,200,1,5,3475.4,3473.71,0.768917,694.74
Images/bsd_134052_320x214.jpg,omp,24,200,2,5,3476.24,3474.46,0.778835,694.89
Images/bsd_134052_320x214.jpg,omp,24,200,3,5,3484.4,3482.26,1.02197,696.45
Images/bsd_134052_320x214.jpg,omp,24,200,4,5,3517.15,3515.38,0.826497,703.08
Images/bsd_134052_320x214.jpg,omp,24,200,5,5,3566.62,3564.33,1.23126,712.87
Images/bsd_134052_320x214.jpg,omp_soa,1,200,1,5,51605.7,51604.2,0.699283,10320.83
Images/bsd_134052_320x214.jpg,omp_soa,1,200,2,5,51982.5,51980.8,0.756833,10396.16
Images/bsd_134052_320x214.jpg,omp_soa,1,200,3,5,51599.2,51597.7,0.7185,10319.54
Images/bsd_134052_320x214.jpg,omp_soa,1,200,4,5,51527.8,51526.3,0.697649,10305.27
Images/bsd_134052_320x214.jpg,omp_soa,1,200,5,5,51491.1,51489.5,0.74467,10297.89
Images/bsd_134052_320x214.jpg,omp_soa,2,200,1,5,26207.4,26205.7,0.750241,5241.14
Images/bsd_134052_320x214.jpg,omp_soa,2,200,2,5,26173.4,26171.8,0.790157,5234.36
Images/bsd_134052_320x214.jpg,omp_soa,2,200,3,5,26220.5,26218.8,0.751743,5243.77
Images/bsd_134052_320x214.jpg,omp_soa,2,200,4,5,26236.3,26234.8,0.706776,5246.95
Images/bsd_134052_320x214.jpg,omp_soa,2,200,5,5,26184.6,26183,0.733348,5236.60
Images/bsd_134052_320x214.jpg,omp_soa,4,200,1,5,13503.5,13501.7,0.972528,2700.34
Images/bsd_134052_320x214.jpg,omp_soa,4,200,2,5,13511.9,13509.9,1.00957,2701.97
Images/bsd_134052_320x214.jpg,omp_soa,4,200,3,5,13547.3,13545.4,0.932952,2709.09
Images/bsd_134052_320x214.jpg,omp_soa,4,200,4,5,13506.9,13505.3,0.727397,2701.06
Images/bsd_134052_320x214.jpg,omp_soa,4,200,5,5,13548.7,13547,0.877906,2709.39
Images/bsd_134052_320x214.jpg,omp_soa,8,200,1,5,7013.21,7011.41,0.90045,1402.28
Images/bsd_134052_320x214.jpg,omp_soa,8,200,2,5,7000.27,6998.27,0.996274,1399.65
Images/bsd_134052_320x214.jpg,omp_soa,8,200,3,5,7045.88,7044.15,0.872525,1408.83
Images/bsd_134052_320x214.jpg,omp_soa,8,200,4,5,7000.13,6997.92,1.35439,1399.58
Images/bsd_134052_320x214.jpg,omp_soa,8,200,5,5,7029.15,7027.4,0.889578,1405.48
Images/bsd_134052_320x214.jpg,omp_soa,12,200,1,5,5171.33,5169.58,0.878507,1033.92
Images/bsd_134052_320x214.jpg,omp_soa,12,200,2,5,5050.15,5048.3,0.976946,1009.66
Images/bsd_134052_320x214.jpg,omp_soa,12,200,3,5,5286.64,5284.73,0.884779,1056.95
Images/bsd_134052_320x214.jpg,omp_soa,12,200,4,5,5064.29,5062.39,0.993017,1012.48
Images/bsd_134052_320x214.jpg,omp_soa,12,200,5,5,4988.23,4986.3,0.935928,997.26
Images/bsd_134052_320x214.jpg,omp_soa,24,200,1,5,4898.81,4896.5,1.40481,979.30
Images/bsd_134052_320x214.jpg,omp_soa,24,200,2,5,4804.19,4801.92,1.40379,960.38
Images/bsd_134052_320x214.jpg,omp_soa,24,200,3,5,4843.72,4841.6,1.15479,968.32
Images/bsd_134052_320x214.jpg,omp_soa,24,200,4,5,4836.11,4833.85,1.43961,966.77
Images/bsd_134052_320x214.jpg,omp_soa,24,200,5,5,4830.88,4828.48,1.4054,965.70
Images/bsd_134052_320x214.jpg,baseline,1,500,1,5,46473.6,46471.4,0.578721,9294.29
Images/bsd_134052_320x214.jpg,baseline,1,500,2,5,46463.3,46461.4,0.535008,9292.28
Images/bsd_134052_320x214.jpg,baseline,1,500,3,5,46456.5,46454.4,0.57789,9290.89
Images/bsd_134052_320x214.jpg,baseline,1,500,4,5,46447,46445,0.534336,9289.01
Images/bsd_134052_320x214.jpg,baseline,1,500,5,5,46553.7,46551.6,0.608168,9310.32
Images/bsd_134052_320x214.jpg,seq,1,500,1,5,41042.9,41041.4,0.53634,8208.28
Images/bsd_134052_320x214.jpg,seq,1,500,2,5,41032.2,41030.7,0.575435,8206.13
Images/bsd_134052_320x214.jpg,seq,1,500,3,5,41052.7,41051.2,0.533215,8210.25
Images/bsd_134052_320x214.jpg,seq,1,500,4,5,40999.2,40997.6,0.573191,8199.52
Images/bsd_134052_320x214.jpg,seq,1,500,5,5,40999.2,40997.7,0.547963,8199.54
Images/bsd_134052_320x214.jpg,soa,1,500,1,5,15860.7,15859.2,0.728198,3171.83
Images/bsd_134052_320x214.jpg,soa,1,500,2,5,15884.1,15882.5,0.762815,3176.50
Images/bsd_134052_320x214.jpg,soa,1,500,3,5,15947.5,15945.8,0.731054,3189.16
Images/bsd_134052_320x214.jpg,soa,1,500,4,5,15898.1,15896.6,0.714973,3179.31
Images/bsd_134052_320x214.jpg,soa,1,500,5,5,15867.9,15866.4,0.72374,3173.28
Images/bsd_134052_320x214.jpg,omp,1,500,1,5,41517.7,41516.2,0.636833,8303.24
Images/bsd_134052_320x214.jpg,omp,1,500,2,5,41527.8,41526.3,0.606144,8305.26
Images/bsd_134052_320x214.jpg,omp,1,500,3,5,41521.7,41520.2,0.57238,8304.05
Images/bsd_134052_320x214.jpg,omp,1,500,4,5,41542.5,41541.1,0.547171,8308.21
Images/bsd_134052_320x214.jpg,omp,1,500,5,5,41514.3,41512.8,0.556818,8302.57
Images/bsd_134052_320x214.jpg,omp,2,500,1,5,20920.6,20919.2,0.591115,4183.83
Images/bsd_134052_320x214.jpg,omp,2,500,2,5,20938.2,20936.7,0.633426,4187.33
Images/bsd_134052_320x214.jpg,omp,2,500,3,5,20954.8,20953.3,0.576267,4190.66
Images/bsd_134052_320x214.jpg,omp,2,500,4,5,20941.9,20940.3,0.620341,4188.07
Images/bsd_134052_320x214.jpg,omp,2,500,5,5,20938.4,20936.9,0.560497,4187.38
Images/bsd_134052_320x214.jpg,omp,4,500,1,5,10648.9,10647.5,0.559124,2129.50
Images/bsd_134052_320x214.jpg,omp,4,500,2,5,10649.7,10648.2,0.559275,2129.64
Images/bsd_134052_320x214.jpg,omp,4,500,3,5,10675.4,10673.7,0.694625,2134.73
Images/bsd_134052_320x214.jpg,omp,4,500,4,5,10678.3,10676.6,0.597047,2135.33
Images/bsd_134052_320x214.jpg,omp,4,500,5,5,10670.6,10669.1,0.569324,2133.81
Images/bsd_134052_320x214.jpg,omp,8,500,1,5,5442.06,5440.45,0.605886,1088.09
Images/bsd_134052_320x214.jpg,omp,8,500,2,5,5435.04,5433.5,0.584507,1086.70
Images/bsd_134052_320x214.jpg,omp,8,500,3,5,5520.17,5518.41,0.752384,1103.68
Images/bsd_134052_320x214.jpg,omp,8,500,4,5,5455.55,5454.05,0.573528,1090.81
Images/bsd_134052_320x214.jpg,omp,8,500,5,5,5448.17,5446.57,0.613181,1089.31
Images/bsd_134052_320x214.jpg,omp,12,500,1,5,3884.79,3883.14,0.693649,776.63
Images/bsd_134052_320x214.jpg,omp,12,500,2,5,3774.37,3772.58,0.796679,754.52
Images/bsd_134052_320x214.jpg,omp,12,500,3,5,3776.44,3774.69,0.787482,754.94
Images/bsd_134052_320x214.jpg,omp,12,500,4,5,3738.48,3737.01,0.55698,747.40
Images/bsd_134052_320x214.jpg,omp,12,500,5,5,3691.21,3689.3,0.823688,737.86
Images/bsd_134052_320x214.jpg,omp,24,500,1,5,3492,3489.98,1.0898,698.00
Images/bsd_134052_320x214.jpg,omp,24,500,2,5,3482.7,3480.41,1.24284,696.08
Images/bsd_134052_320x214.jpg,omp,24,500,3,5,3464.26,3462.26,1.07758,692.45
Images/bsd_134052_320x214.jpg,omp,24,500,4,5,3456.3,3454.58,0.797644,690.92
Images/bsd_134052_320x214.jpg,omp,24,500,5,5,3451.18,3449.07,1.10797,689.81
Images/bsd_134052_320x214.jpg,omp_soa,1,500,1,5,53640.8,53639.2,0.748349,10727.83
Images/bsd_134052_320x214.jpg,omp_soa,1,500,2,5,53655.6,53654,0.783249,10730.81
Images/bsd_134052_320x214.jpg,omp_soa,1,500,3,5,53644.4,53642.8,0.710057,10728.55
Images/bsd_134052_320x214.jpg,omp_soa,1,500,4,5,53603.7,53602.1,0.738995,10720.41
Images/bsd_134052_320x214.jpg,omp_soa,1,500,5,5,53677.2,53675.6,0.70806,10735.12
Images/bsd_134052_320x214.jpg,omp_soa,2,500,1,5,27195.2,27193.4,0.970555,5438.67
Images/bsd_134052_320x214.jpg,omp_soa,2,500,2,5,27233.2,27231.7,0.696724,5446.35
Images/bsd_134052_320x214.jpg,omp_soa,2,500,3,5,27441,27439,1.02771,5487.81
Images/bsd_134052_320x214.jpg,omp_soa,2,500,4,5,27254.6,27252.8,0.933921,5450.56
Images/bsd_134052_320x214.jpg,omp_soa,2,500,5,5,27187,27185.5,0.71382,5437.10
Images/bsd_134052_320x214.jpg,omp_soa,4,500,1,5,13891.4,13889.7,0.751642,2777.94
Images/bsd_134052_320x214.jpg,omp_soa,4,500,2,5,13900.4,13897.9,1.46851,2779.59
Images/bsd_134052_320x214.jpg,omp_soa,4,500,3,5,13916,13914.4,0.741915,2782.88
Images/bsd_134052_320x214.jpg,omp_soa,4,500,4,5,13912.7,13910.9,0.993389,2782.18
Images/bsd_134052_320x214.jpg,omp_soa,4,500,5,5,13907,13905,1.02386,2781.00
Images/bsd_134052_320x214.jpg,omp_soa,8,500,1,5,7971.16,7969.38,0.972821,1593.88
Images/bsd_134052_320x214.jpg,omp_soa,8,500,2,5,7152.03,7150.35,0.757566,1430.07
Images/bsd_134052_320x214.jpg,omp_soa,8,500,3,5,7154.84,7153.24,0.717762,1430.65
Images/bsd_134052_320x214.jpg,omp_soa,8,500,4,5,7175.02,7173.17,0.980848,1434.63
Images/bsd_134052_320x214.jpg,omp_soa,8,500,5,5,7179.58,7177.87,0.755162,1435.57
Images/bsd_134052_320x214.jpg,omp_soa,12,500,1,5,5100.03,5098.14,0.964317,1019.63
Images/bsd_134052_320x214.jpg,omp_soa,12,500,2,5,5110.56,5108.72,0.978314,1021.74
Images/bsd_134052_320x214.jpg,omp_soa,12,500,3,5,5081.86,5080.27,0.75867,1016.05
Images/bsd_134052_320x214.jpg,omp_soa,12,500,4,5,5073.25,5071.51,0.85418,1014.30
Images/bsd_134052_320x214.jpg,omp_soa,12,500,5,5,5142.07,5140.11,1.02781,1028.02
Images/bsd_134052_320x214.jpg,omp_soa,24,500,1,5,5128.03,5126.25,0.921749,1025.25
Images/bsd_134052_320x214.jpg,omp_soa,24,500,2,5,5134.78,5132.61,1.20938,1026.52
Images/bsd_134052_320x214.jpg,omp_soa,24,500,3,5,5100.59,5098.68,1.01182,1019.74
Images/bsd_134052_320x214.jpg,omp_soa,24,500,4,5,5125.55,5123.71,0.92261,1024.74
Images/bsd_134052_320x214.jpg,omp_soa,24,500,5,5,5116.79,5114.51,1.38644,1022.90
Images/bsd_134052_320x214.jpg,baseline,1,1000,1,5,46460.7,46458.6,0.58742,9291.73
Images/bsd_134052_320x214.jpg,baseline,1,1000,2,5,46469.6,46467.5,0.586669,9293.51
Images/bsd_134052_320x214.jpg,baseline,1,1000,3,5,46418.1,46416.1,0.545773,9283.22
Images/bsd_134052_320x214.jpg,baseline,1,1000,4,5,46446.3,46444.3,0.577953,9288.85
Images/bsd_134052_320x214.jpg,baseline,1,1000,5,5,46408.4,46406.3,0.559039,9281.27
Images/bsd_134052_320x214.jpg,seq,1,1000,1,5,40997.8,40996.4,0.531969,8199.27
Images/bsd_134052_320x214.jpg,seq,1,1000,2,5,40999.4,40997.9,0.530266,8199.59
Images/bsd_134052_320x214.jpg,seq,1,1000,3,5,41018.4,41016.9,0.565743,8203.39
Images/bsd_134052_320x214.jpg,seq,1,1000,4,5,41055.4,41053.9,0.596122,8210.78
Images/bsd_134052_320x214.jpg,seq,1,1000,5,5,41012.6,41011.2,0.545496,8202.24
Images/bsd_134052_320x214.jpg,soa,1,1000,1,5,15875.2,15873.5,0.733905,3174.71
Images/bsd_134052_320x214.jpg,soa,1,1000,2,5,15900.6,15899,0.739356,3179.79
Images/bsd_134052_320x214.jpg,soa,1,1000,3,5,15881.5,15879.8,0.7365,3175.97
Images/bsd_134052_320x214.jpg,soa,1,1000,4,5,15880.1,15878.5,0.75736,3175.70
Images/bsd_134052_320x214.jpg,soa,1,1000,5,5,15877.8,15876.2,0.730831,3175.24
Images/bsd_134052_320x214.jpg,omp,1,1000,1,5,41518.8,41517.2,0.564214,8303.45
Images/bsd_134052_320x214.jpg,omp,1,1000,2,5,41520,41518.5,0.597246,8303.69
Images/bsd_134052_320x214.jpg,omp,1,1000,3,5,41530.8,41529.4,0.547472,8305.88
Images/bsd_134052_320x214.jpg,omp,1,1000,4,5,41531.8,41530.4,0.564544,8306.07
Images/bsd_134052_320x214.jpg,omp,1,1000,5,5,41557.3,41555.8,0.608859,8311.15
Images/bsd_134052_320x214.jpg,omp,2,1000,1,5,20913.6,20912,0.601956,4182.40
Images/bsd_134052_320x214.jpg,omp,2,1000,2,5,20939.6,20938.2,0.587289,4187.64
Images/bsd_134052_320x214.jpg,omp,2,1000,3,5,20948.9,20947.4,0.595044,4189.47
Images/bsd_134052_320x214.jpg,omp,2,1000,4,5,20928.4,20927,0.549876,4185.40
Images/bsd_134052_320x214.jpg,omp,2,1000,5,5,20942.7,20941.2,0.602508,4188.23
Images/bsd_134052_320x214.jpg,omp,4,1000,1,5,10658.6,10657,0.595834,2131.39
Images/bsd_134052_320x214.jpg,omp,4,1000,2,5,10657.3,10655.8,0.56694,2131.17
Images/bsd_134052_320x214.jpg,omp,4,1000,3,5,10663.5,10661.9,0.593511,2132.39
Images/bsd_134052_320x214.jpg,omp,4,1000,4,5,10717.8,10716.3,0.558012,2143.25
Images/bsd_134052_320x214.jpg,omp,4,1000,5,5,10680.6,10678.8,0.756861,2135.77
Images/bsd_134052_320x214.jpg,omp,8,1000,1,5,5440.96,5439.48,0.562381,1087.90
Images/bsd_134052_320x214.jpg,omp,8,1000,2,5,5463.05,5461.49,0.60328,1092.30
Images/bsd_134052_320x214.jpg,omp,8,1000,3,5,5455.83,5454.2,0.606165,1090.84
Images/bsd_134052_320x214.jpg,omp,8,1000,4,5,5466.14,5464.48,0.642664,1092.90
Images/bsd_134052_320x214.jpg,omp,8,1000,5,5,5438.4,5436.88,0.610152,1087.38
Images/bsd_134052_320x214.jpg,omp,12,1000,1,5,3735.62,3734.06,0.597408,746.81
Images/bsd_134052_320x214.jpg,omp,12,1000,2,5,3746.54,3745.11,0.565367,749.02
Images/bsd_134052_320x214.jpg,omp,12,1000,3,5,3726.16,3724.63,0.565376,744.93
Images/bsd_134052_320x214.jpg,omp,12,1000,4,5,3747.85,3746.33,0.570558,749.27
Images/bsd_134052_320x214.jpg,omp,12,1000,5,5,3789.02,3786.93,1.207,757.39
Images/bsd_134052_320x214.jpg,omp,24,1000,1,5,3453.39,3451.76,0.763886,690.35
Images/bsd_134052_320x214.jpg,omp,24,1000,2,5,3476.05,3474.38,0.60353,694.88
Images/bsd_134052_320x214.jpg,omp,24,1000,3,5,3464.97,3462.97,0.96648,692.59
Images/bsd_134052_320x214.jpg,omp,24,1000,4,5,3462.1,3460.11,1.02266,692.02
Images/bsd_134052_320x214.jpg,omp,24,1000,5,5,3445.14,3443.32,0.812729,688.66
Images/bsd_134052_320x214.jpg,omp_soa,1,1000,1,5,53736.3,53734.7,0.737054,10746.94
Images/bsd_134052_320x214.jpg,omp_soa,1,1000,2,5,53529.4,53527.7,0.742174,10705.55
Images/bsd_134052_320x214.jpg,omp_soa,1,1000,3,5,53673.3,53671.7,0.726935,10734.34
Images/bsd_134052_320x214.jpg,omp_soa,1,1000,4,5,54174,54172.3,0.737381,10834.47
Images/bsd_134052_320x214.jpg,omp_soa,1,1000,5,5,53598,53596.4,0.735224,10719.29
Images/bsd_134052_320x214.jpg,omp_soa,2,1000,1,5,27190.2,27188.5,0.75442,5437.71
Images/bsd_134052_320x214.jpg,omp_soa,2,1000,2,5,27175.7,27174,0.759579,5434.81
Images/bsd_134052_320x214.jpg,omp_soa,2,1000,3,5,27186.8,27185.3,0.716557,5437.05
Images/bsd_134052_320x214.jpg,omp_soa,2,1000,4,5,27234.9,27233.3,0.753506,5446.66
Images/bsd_134052_320x214.jpg,omp_soa,2,1000,5,5,27188.4,27186.9,0.789716,5437.37
Images/bsd_134052_320x214.jpg,omp_soa,4,1000,1,5,13925.6,13924.1,0.693631,2784.81
Images/bsd_134052_320x214.jpg,omp_soa,4,1000,2,5,13899.4,13897.7,0.749879,2779.54
Images/bsd_134052_320x214.jpg,omp_soa,4,1000,3,5,13915.2,13913.6,0.756551,2782.72
Images/bsd_134052_320x214.jpg,omp_soa,4,1000,4,5,13940.6,13938.9,0.763815,2787.78
Images/bsd_134052_320x214.jpg,omp_soa,4,1000,5,5,13915.9,13914,0.958069,2782.80
Images/bsd_134052_320x214.jpg,omp_soa,8,1000,1,5,7106.35,7104.69,0.770628,1420.94
Images/bsd_134052_320x214.jpg,omp_soa,8,1000,2,5,7115.21,7113.55,0.75128,1422.71
Images/bsd_134052_320x214.jpg,omp_soa,8,1000,3,5,7147.48,7145.59,0.939982,1429.12
Images/bsd_134052_320x214.jpg,omp_soa,8,1000,4,5,7179.57,7177.95,0.732744,1435.59
Images/bsd_134052_320x214.jpg,omp_soa,8,1000,5,5,7232.73,7230.78,1.04443,1446.16
Images/bsd_134052_320x214.jpg,omp_soa,12,1000,1,5,5067.23,5065.2,1.12306,1013.04
Images/bsd_134052_320x214.jpg,omp_soa,12,1000,2,5,5057.18,5055.68,0.685905,1011.14
Images/bsd_134052_320x214.jpg,omp_soa,12,1000,3,5,5175.63,5173.87,0.836684,1034.77
Images/bsd_134052_320x214.jpg,omp_soa,12,1000,4,5,5129.12,5127.12,1.15064,1025.42
Images/bsd_134052_320x214.jpg,omp_soa,12,1000,5,5,5411.22,5409.16,1.08783,1081.83
Images/bsd_134052_320x214.jpg,omp_soa,24,1000,1,5,5093.41,5091.06,1.44713,1018.21
Images/bsd_134052_320x214.jpg,omp_soa,24,1000,2,5,5143.65,5141.43,1.19699,1028.29
Images/bsd_134052_320x214.jpg,omp_soa,24,1000,3,5,5094.03,5091.57,1.43758,1018.31
Images/bsd_134052_320x214.jpg,omp_soa,24,1000,4,5,5100.33,5098.4,0.935462,1019.68
Images/bsd_134052_320x214.jpg,omp_soa,24,1000,5,5,5363.15,5361.14,1.10685,1072.23
Images/bsd_187039_320x214.jpg,baseline,1,20,1,5,46483,46480.7,0.613646,9296.15
Images/bsd_187039_320x214.jpg,baseline,1,20,2,5,46465.6,46463.4,0.622693,9292.68
Images/bsd_187039_320x214.jpg,baseline,1,20,3,5,46456.8,46454.6,0.593035,9290.92
Images/bsd_187039_320x214.jpg,baseline,1,20,4,5,46430.4,46428.4,0.56454,9285.68
Images/bsd_187039_320x214.jpg,baseline,1,20,5,5,46436.3,46434.1,0.595681,9286.83
Images/bsd_187039_320x214.jpg,seq,1,20,1,5,40992.7,40990.5,0.760325,8198.10
Images/bsd_187039_320x214.jpg,seq,1,20,2,5,41027.9,41026.4,0.577324,8205.27
Images/bsd_187039_320x214.jpg,seq,1,20,3,5,41041.5,41040,0.578817,8208.01
Images/bsd_187039_320x214.jpg,seq,1,20,4,5,41006.8,41005.2,0.618072,8201.04
Images/bsd_187039_320x214.jpg,seq,1,20,5,5,41019.5,41018,0.59611,8203.59
Images/bsd_187039_320x214.jpg,soa,1,20,1,5,15829.5,15827.8,0.746938,3165.57
Images/bsd_187039_320x214.jpg,soa,1,20,2,5,15895.6,15894,0.733333,3178.79
Images/bsd_187039_320x214.jpg,soa,1,20,3,5,15804.5,15802.7,0.776235,3160.54
Images/bsd_187039_320x214.jpg,soa,1,20,4,5,15850.3,15848.5,0.797024,3169.71
Images/bsd_187039_320x214.jpg,soa,1,20,5,5,15806.6,15804.9,0.791493,3160.98
Images/bsd_187039_320x214.jpg,omp,1,20,1,5,41505.7,41504.1,0.611699,8300.82
Images/bsd_187039_320x214.jpg,omp,1,20,2,5,41547,41545.4,0.608964,8309.08
Images/bsd_187039_320x214.jpg,omp,1,20,3,5,41537.1,41535.5,0.632338,8307.10
Images/bsd_187039_320x214.jpg,omp,1,20,4,5,41541.8,41540.1,0.631857,8308.02
Images/bsd_187039_320x214.jpg,omp,1,20,5,5,41527,41525.4,0.625075,8305.07
Images/bsd_187039_320x214.jpg,omp,2,20,1,5,20918.2,20916.5,0.660261,4183.30
Images/bsd_187039_320x214.jpg,omp,2,20,2,5,20931.8,20930.2,0.634612,4186.03
Images/bsd_187039_320x214.jpg,omp,2,20,3,5,20960.7,20959,0.646666,4191.79
Images/bsd_187039_320x214.jpg,omp,2,20,4,5,20943.8,20942.2,0.625073,4188.44
Images/bsd_187039_320x214.jpg,omp,2,20,5,5,20950.1,20948.6,0.588354,4189.71
Images/bsd_187039_320x214.jpg,omp,4,20,1,5,10672.3,10670.7,0.645192,2134.14
Images/bsd_187039_320x214.jpg,omp,4,20,2,5,10678.7,10677.1,0.609353,2135.42
Images/bsd_187039_320x214.jpg,omp,4,20,3,5,10670,10668.3,0.636536,2133.67
Images/bsd_187039_320x214.jpg,omp,4,20,4,5,10699,10697.2,0.644541,2139.45
Images/bsd_187039_320x214.jpg,omp,4,20,5,5,10695,10693.5,0.606178,2138.69
Images/bsd_187039_320x214.jpg,omp,8,20,1,5,5435.28,5433.61,0.642287,1086.72
Images/bsd_187039_320x214.jpg,omp,8,20,2,5,5454.27,5452.41,0.778448,1090.48
Images/bsd_187039_320x214.jpg,omp,8,20,3,5,5428.78,5427.2,0.608963,1085.44
Images/bsd_187039_320x214.jpg,omp,8,20,4,5,5499.72,5497.21,1.41219,1099.44
Images/bsd_187039_320x214.jpg,omp,8,20,5,5,5476.08,5474.48,0.597151,1094.90
Images/bsd_187039_320x214.jpg,omp,12,20,1,5,3771.94,3770.06,0.85321,754.01
Images/bsd_187039_320x214.jpg,omp,12,20,2,5,3725.78,3723.62,1.02114,744.72
Images/bsd_187039_320x214.jpg,omp,12,20,3,5,3691.9,3690.24,0.637348,738.05
Images/bsd_187039_320x214.jpg,omp,12,20,4,5,3707.59,3706.01,0.610697,741.20
Images/bsd_187039_320x214.jpg,omp,12,20,5,5,3716.12,3714.16,0.897805,742.83
Images/bsd_187039_320x214.jpg,omp,24,20,1,5,3492.54,3490.27,1.11614,698.05
Images/bsd_187039_320x214.jpg,omp,24,20,2,5,3482.33,3480.01,1.11335,696.00
Images/bsd_187039_320x214.jpg,omp,24,20,3,5,3470.17,3468.02,1.11245,693.60
Images/bsd_187039_320x214.jpg,omp,24,20,4,5,3525.67,3523.73,0.858419,704.75
Images/bsd_187039_320x214.jpg,omp,24,20,5,5,3485.39,3482.87,1.40165,696.57
Images/bsd_187039_320x214.jpg,omp_soa,1,20,1,5,33479.1,33477.5,0.737829,6695.50
Images/bsd_187039_320x214.jpg,omp_soa,1,20,2,5,33477.8,33476.1,0.799637,6695.21
Images/bsd_187039_320x214.jpg,omp_soa,1,20,3,5,33476.2,33474.6,0.769901,6694.91
Images/bsd_187039_320x214.jpg,omp_soa,1,20,4,5,33515.4,33513.8,0.800138,6702.75
Images/bsd_187039_320x214.jpg,omp_soa,1,20,5,5,33454.6,33452.8,0.78039,6690.57
Images/bsd_187039_320x214.jpg,omp_soa,2,20,1,5,16981.8,16980,0.783346,3395.99
Images/bsd_187039_320x214.jpg,omp_soa,2,20,2,5,17003.2,17001.5,0.747778,3400.31
Images/bsd_187039_320x214.jpg,omp_soa,2,20,3,5,16993.8,16992.2,0.740644,3398.43
Images/bsd_187039_320x214.jpg,omp_soa,2,20,4,5,17027.6,17025.7,0.807051,3405.15
Images/bsd_187039_320x214.jpg,omp_soa,2,20,5,5,17264.2,17262.5,0.753369,3452.50
Images/bsd_187039_320x214.jpg,omp_soa,4,20,1,5,8701.2,8699.46,0.778146,1739.89
Images/bsd_187039_320x214.jpg,omp_soa,4,20,2,5,8711.62,8709.85,0.80051,1741.97
Images/bsd_187039_320x214.jpg,omp_soa,4,20,3,5,8736.79,8734.68,1.1121,1746.94
Images/bsd_187039_320x214.jpg,omp_soa,4,20,4,5,8683.58,8681.91,0.754792,1736.38
Images/bsd_187039_320x214.jpg,omp_soa,4,20,5,5,8693.27,8691.51,0.784188,1738.30
Images/bsd_187039_320x214.jpg,omp_soa,8,20,1,5,4535.06,4532.96,1.01677,906.59
Images/bsd_187039_320x214.jpg,omp_soa,8,20,2,5,4478.53,4476.74,0.806069,895.35
Images/bsd_187039_320x214.jpg,omp_soa,8,20,3,5,4512.4,4510.25,1.1466,902.05
Images/bsd_187039_320x214.jpg,omp_soa,8,20,4,5,4488.82,4486.7,1.11864,897.34
Images/bsd_187039_320x214.jpg,omp_soa,8,20,5,5,4488.03,4486.31,0.749642,897.26
Images/bsd_187039_320x214.jpg,omp_soa,12,20,1,5,3226.06,3224.03,1.06801,644.81
Images/bsd_187039_320x214.jpg,omp_soa,12,20,2,5,3291.94,3290.08,0.819806,658.02
Images/bsd_187039_320x214.jpg,omp_soa,12,20,3,5,3237.78,3236.08,0.750844,647.22
Images/bsd_187039_320x214.jpg,omp_soa,12,20,4,5,3317.82,3315.71,1.09441,663.14
Images/bsd_187039_320x214.jpg,omp_soa,12,20,5,5,3268.94,3266.95,0.931328,653.39
Images/bsd_187039_320x214.jpg,omp_soa,24,20,1,5,3191.14,3189.13,1.10764,637.83
Images/bsd_187039_320x214.jpg,omp_soa,24,20,2,5,3190.1,3187.53,1.52092,637.51
Images/bsd_187039_320x214.jpg,omp_soa,24,20,3,5,3223.88,3221.78,1.13469,644.36
Images/bsd_187039_320x214.jpg,omp_soa,24,20,4,5,3177.28,3175.37,0.99987,635.07
Images/bsd_187039_320x214.jpg,omp_soa,24,20,5,5,3185.57,3183.59,0.985352,636.72
Images/bsd_187039_320x214.jpg,baseline,1,100,1,5,46457.3,46455.3,0.535454,9291.07
Images/bsd_187039_320x214.jpg,baseline,1,100,2,5,46462.4,46460.2,0.58543,9292.04
Images/bsd_187039_320x214.jpg,baseline,1,100,3,5,46432.9,46430.9,0.536982,9286.17
Images/bsd_187039_320x214.jpg,baseline,1,100,4,5,46413.7,46411.6,0.566879,9282.32
Images/bsd_187039_320x214.jpg,baseline,1,100,5,5,46435.6,46433.4,0.57353,9286.69
Images/bsd_187039_320x214.jpg,seq,1,100,1,5,40993.7,40992.1,0.570962,8198.42
Images/bsd_187039_320x214.jpg,seq,1,100,2,5,41014.6,41013,0.571,8202.60
Images/bsd_187039_320x214.jpg,seq,1,100,3,5,41012.6,41011,0.572252,8202.20
Images/bsd_187039_320x214.jpg,seq,1,100,4,5,41016.1,41014.6,0.559837,8202.91
Images/bsd_187039_320x214.jpg,seq,1,100,5,5,41022.5,41021.1,0.539696,8204.21
Images/bsd_187039_320x214.jpg,soa,1,100,1,5,15837.3,15835.7,0.732579,3167.13
Images/bsd_187039_320x214.jpg,soa,1,100,2,5,15819.1,15817.5,0.701838,3163.50
Images/bsd_187039_320x214.jpg,soa,1,100,3,5,15825.3,15823.7,0.698241,3164.74
Images/bsd_187039_320x214.jpg,soa,1,100,4,5,15895.4,15893.7,0.724392,3178.74
Images/bsd_187039_320x214.jpg,soa,1,100,5,5,15841.9,15840.4,0.69239,3168.07
Images/bsd_187039_320x214.jpg,omp,1,100,1,5,41519.4,41517.9,0.543761,8303.58
Images/bsd_187039_320x214.jpg,omp,1,100,2,5,41575.3,41573.6,0.594739,8314.72
Images/bsd_187039_320x214.jpg,omp,1,100,3,5,41532.9,41531.3,0.586361,8306.26
Images/bsd_187039_320x214.jpg,omp,1,100,4,5,41507.9,41506.4,0.550141,8301.29
Images/bsd_187039_320x214.jpg,omp,1,100,5,5,41514,41512.5,0.548648,8302.49
Images/bsd_187039_320x214.jpg,omp,2,100,1,5,20911.1,20909.6,0.547104,4181.92
Images/bsd_187039_320x214.jpg,omp,2,100,2,5,20946,20944.5,0.554909,4188.90
Images/bsd_187039_320x214.jpg,omp,2,100,3,5,20944.1,20942.6,0.557924,4188.53
Images/bsd_187039_320x214.jpg,omp,2,100,4,5,20940.4,20938.9,0.563736,4187.78
Images/bsd_187039_320x214.jpg,omp,2,100,5,5,20952.1,20950.5,0.606949,4190.09
Images/bsd_187039_320x214.jpg,omp,4,100,1,5,10656,10654.4,0.602389,2130.88
Images/bsd_187039_320x214.jpg,omp,4,100,2,5,10654.2,10652.6,0.594033,2130.52
Images/bsd_187039_320x214.jpg,omp,4,100,3,5,10665.8,10664.2,0.605455,2132.84
Images/bsd_187039_320x214.jpg,omp,4,100,4,5,10692.5,10690.8,0.601328,2138.17
Images/bsd_187039_320x214.jpg,omp,4,100,5,5,10679,10677.5,0.567001,2135.49
Images/bsd_187039_320x214.jpg,omp,8,100,1,5,5441.9,5439.85,0.875865,1087.97
Images/bsd_187039_320x214.jpg,omp,8,100,2,5,5461.54,5459.64,0.797765,1091.93
Images/bsd_187039_320x214.jpg,omp,8,100,3,5,5441.5,5439.95,0.561911,1087.99
Images/bsd_187039_320x214.jpg,omp,8,100,4,5,5430.68,5428.99,0.611536,1085.80
Images/bsd_187039_320x214.jpg,omp,8,100,5,5,5449.11,5447.6,0.572691,1089.52
Images/bsd_187039_320x214.jpg,omp,12,100,1,5,3687.27,3685.5,0.766785,737.10
Images/bsd_187039_320x214.jpg,omp,12,100,2,5,3724.57,3722.74,0.817111,744.55
Images/bsd_187039_320x214.jpg,omp,12,100,3,5,3753.15,3750.92,1.18431,750.18
Images/bsd_187039_320x214.jpg,omp,12,100,4,5,3741.72,3740.25,0.561679,748.05
Images/bsd_187039_320x214.jpg,omp,12,100,5,5,3807.12,3805.22,0.859713,761.04
Images/bsd_187039_320x214.jpg,omp,24,100,1,5,3478.03,3475.78,1.0143,695.16
Images/bsd_187039_320x214.jpg,omp,24,100,2,5,3471.36,3469.47,0.804438,693.89
Images/bsd_187039_320x214.jpg,omp,24,100,3,5,3466.34,3464.13,1.21231,692.83
Images/bsd_187039_320x214.jpg,omp,24,100,4,5,3476.41,3474.33,1.02818,694.87
Images/bsd_187039_320x214.jpg,omp,24,100,5,5,3490.96,3489.13,0.771464,697.83
Images/bsd_187039_320x214.jpg,omp_soa,1,100,1,5,43043.7,43042.2,0.706137,8608.43
Images/bsd_187039_320x214.jpg,omp_soa,1,100,2,5,43057.8,43056.1,0.737357,8611.22
Images/bsd_187039_320x214.jpg,omp_soa,1,100,3,5,43435.6,43433.8,0.731234,8686.76
Images/bsd_187039_320x214.jpg,omp_soa,1,100,4,5,42945.5,42943.9,0.761192,8588.77
Images/bsd_187039_320x214.jpg,omp_soa,1,100,5,5,42968.3,42966.7,0.740442,8593.33
Images/bsd_187039_320x214.jpg,omp_soa,2,100,1,5,21997.1,21995.4,0.74476,4399.07
Images/bsd_187039_320x214.jpg,omp_soa,2,100,2,5,22007.5,22005.9,0.718338,4401.18
Images/bsd_187039_320x214.jpg,omp_soa,2,100,3,5,21979.4,21977.7,0.72949,4395.54
Images/bsd_187039_320x214.jpg,omp_soa,2,100,4,5,22074.7,22073.1,0.720723,4414.62
Images/bsd_187039_320x214.jpg,omp_soa,2,100,5,5,22031.1,22029.4,0.73948,4405.88
Images/bsd_187039_320x214.jpg,omp_soa,4,100,1,5,11693.7,11691.5,1.20481,2338.31
Images/bsd_187039_320x214.jpg,omp_soa,4,100,2,5,11705.9,11703.9,0.990791,2340.77
Images/bsd_187039_320x214.jpg,omp_soa,4,100,3,5,11711.8,11709.9,0.966114,2341.98
Images/bsd_187039_320x214.jpg,omp_soa,4,100,4,5,11707.9,11705.8,0.987516,2341.17
Images/bsd_187039_320x214.jpg,omp_soa,4,100,5,5,11729.2,11727,1.23411,2345.40
Images/bsd_187039_320x214.jpg,omp_soa,8,100,1,5,6073.57,6071.63,0.893744,1214.33
Images/bsd_187039_320x214.jpg,omp_soa,8,100,2,5,6027.25,6024.74,1.45615,1204.95
Images/bsd_187039_320x214.jpg,omp_soa,8,100,3,5,6051.97,6049.91,1.04019,1209.98
Images/bsd_187039_320x214.jpg,omp_soa,8,100,4,5,6102.32,6100.47,0.949463,1220.09
Images/bsd_187039_320x214.jpg,omp_soa,8,100,5,5,6034.01,6031.99,1.04993,1206.40
Images/bsd_187039_320x214.jpg,omp_soa,12,100,1,5,4330.58,4328.05,1.47542,865.61
Images/bsd_187039_320x214.jpg,omp_soa,12,100,2,5,4593.59,4591.71,0.883565,918.34
Images/bsd_187039_320x214.jpg,omp_soa,12,100,3,5,4333.82,4331.71,1.03399,866.34
Images/bsd_187039_320x214.jpg,omp_soa,12,100,4,5,4527.28,4525.14,1.04027,905.03
Images/bsd_187039_320x214.jpg,omp_soa,12,100,5,5,4376.82,4374.8,0.971785,874.96
Images/bsd_187039_320x214.jpg,omp_soa,24,100,1,5,3873.34,3871.41,0.963228,774.28
Images/bsd_187039_320x214.jpg,omp_soa,24,100,2,5,3893.6,3891.23,1.21691,778.25
Images/bsd_187039_320x214.jpg,omp_soa,24,100,3,5,3938.25,3936.04,1.26661,787.21
Images/bsd_187039_320x214.jpg,omp_soa,24,100,4,5,3893.73,3891.25,1.43255,778.25
Images/bsd_187039_320x214.jpg,omp_soa,24,100,5,5,3900.05,3897.78,1.17807,779.56
Images/bsd_187039_320x214.jpg,baseline,1,200,1,5,46472.3,46470.2,0.578309,9294.05
Images/bsd_187039_320x214.jpg,baseline,1,200,2,5,46456.7,46454.6,0.62551,9290.92
Images/bsd_187039_320x214.jpg,baseline,1,200,3,5,46447.5,46445.6,0.53182,9289.11
Images/bsd_187039_320x214.jpg,baseline,1,200,4,5,46415.4,46413.4,0.579622,9282.68
Images/bsd_187039_320x214.jpg,baseline,1,200,5,5,46418.8,46416.8,0.582747,9283.36
Images/bsd_187039_320x214.jpg,seq,1,200,1,5,41128.1,41126.5,0.548983,8225.30
Images/bsd_187039_320x214.jpg,seq,1,200,2,5,40986.6,40985.1,0.527721,8197.03
Images/bsd_187039_320x214.jpg,seq,1,200,3,5,41015,41013.4,0.567246,8202.68
Images/bsd_187039_320x214.jpg,seq,1,200,4,5,41007.6,41006,0.576242,8201.19
Images/bsd_187039_320x214.jpg,seq,1,200,5,5,41022.9,41021.3,0.568578,8204.26
Images/bsd_187039_320x214.jpg,soa,1,200,1,5,15870.1,15868.3,0.738523,3173.67
Images/bsd_187039_320x214.jpg,soa,1,200,2,5,15907.6,15905.8,0.734685,3181.16
Images/bsd_187039_320x214.jpg,soa,1,200,3,5,15841.5,15840,0.683016,3167.99
Images/bsd_187039_320x214.jpg,soa,1,200,4,5,15888.3,15886.6,0.756657,3177.32
Images/bsd_187039_320x214.jpg,soa,1,200,5,5,15874.9,15873.2,0.734375,3174.63
Images/bsd_187039_320x214.jpg,omp,1,200,1,5,41496.7,41495.1,0.593635,8299.02
Images/bsd_187039_320x214.jpg,omp,1,200,2,5,41518.1,41516.4,0.590379,8303.29
Images/bsd_187039_320x214.jpg,omp,1,200,3,5,41535.4,41533.9,0.581462,8306.77
Images/bsd_187039_320x214.jpg,omp,1,200,4,5,41557.1,41555.5,0.549922,8311.11
Images/bsd_187039_320x214.jpg,omp,1,200,5,5,41515.6,41514,0.598886,8302.81
Images/bsd_187039_320x214.jpg,omp,2,200,1,5,20918.4,20916.8,0.589197,4183.35
Images/bsd_187039_320x214.jpg,omp,2,200,2,5,20952.9,20951.3,0.619635,4190.26
Images/bsd_187039_320x214.jpg,omp,2,200,3,5,20939.3,20937.7,0.646648,4187.53
Images/bsd_187039_320x214.jpg,omp,2,200,4,5,20950.7,20949.2,0.550334,4189.84
Images/bsd_187039_320x214.jpg,omp,2,200,5,5,20938.9,20937.3,0.568388,4187.47
Images/bsd_187039_320x214.jpg,omp,4,200,1,5,10677.9,10676.3,0.603495,2135.25
Images/bsd_187039_320x214.jpg,omp,4,200,2,5,10660.9,10659.3,0.612733,2131.85
Images/bsd_187039_320x214.jpg,omp,4,200,3,5,10677.5,10675.8,0.611121,2135.17
Images/bsd_187039_320x214.jpg,omp,4,200,4,5,10710.6,10708.9,0.599297,2141.78
Images/bsd_187039_320x214.jpg,omp,4,200,5,5,10699.3,10697.7,0.605349,2139.53
Images/bsd_187039_320x214.jpg,omp,8,200,1,5,5451.63,5449.95,0.604658,1089.99
Images/bsd_187039_320x214.jpg,omp,8,200,2,5,5490.72,5488.76,0.83051,1097.75
Images/bsd_187039_320x214.jpg,omp,8,200,3,5,5428.75,5427.16,0.562948,1085.43
Images/bsd_187039_320x214.jpg,omp,8,200,4,5,5438.18,5436.6,0.580462,1087.32
Images/bsd_187039_320x214.jpg,omp,8,200,5,5,5501.91,5500.3,0.61089,1100.06
Images/bsd_187039_320x214.jpg,omp,12,200,1,5,3687.02,3685.17,0.830158,737.03
Images/bsd_187039_320x214.jpg,omp,12,200,2,5,3740.82,3738.57,1.18751,747.71
Images/bsd_187039_320x214.jpg,omp,12,200,3,5,3730.22,3728.52,0.726019,745.70
Images/bsd_187039_320x214.jpg,omp,12,200,4,5,3721.97,3720.3,0.624236,744.06
Images/bsd_187039_320x214.jpg,omp,12,200,5,5,3697.43,3695.76,0.599106,739.15
Images/bsd_187039_320x214.jpg,omp,24,200,1,5,3513.87,3511.57,1.21547,702.31
Images/bsd_187039_320x214.jpg,omp,24,200,2,5,3484.73,3482.77,0.835369,696.55
Images/bsd_187039_320x214.jpg,omp,24,200,3,5,3492.57,3490.27,1.13863,698.05
Images/bsd_187039_320x214.jpg,omp,24,200,4,5,3498.02,3495.85,1.08094,699.17
Images/bsd_187039_320x214.jpg,omp,24,200,5,5,3459.3,3457.51,0.807777,691.50
Images/bsd_187039_320x214.jpg,omp_soa,1,200,1,5,53171.5,53169.8,0.75711,10633.96
Images/bsd_187039_320x214.jpg,omp_soa,1,200,2,5,53499.9,53498.4,0.699049,10699.68
Images/bsd_187039_320x214.jpg,omp_soa,1,200,3,5,53058.2,53056.5,0.813538,10611.30
Images/bsd_187039_320x214.jpg,omp_soa,1,200,4,5,53074.4,53072.8,0.738092,10614.55
Images/bsd_187039_320x214.jpg,omp_soa,1,200,5,5,53257.6,53256,0.784472,10651.21
Images/bsd_187039_320x214.jpg,omp_soa,2,200,1,5,27005.7,27004.1,0.726481,5400.81
Images/bsd_187039_320x214.jpg,omp_soa,2,200,2,5,27046.1,27044.5,0.742252,5408.89
Images/bsd_187039_320x214.jpg,omp_soa,2,200,3,5,27053.3,27051.6,0.742832,5410.32
Images/bsd_187039_320x214.jpg,omp_soa,2,200,4,5,27040.4,27038.8,0.69998,5407.76
Images/bsd_187039_320x214.jpg,omp_soa,2,200,5,5,27048.3,27046.6,0.747592,5409.32
Images/bsd_187039_320x214.jpg,omp_soa,4,200,1,5,13978.8,13976.7,1.04516,2795.35
Images/bsd_187039_320x214.jpg,omp_soa,4,200,2,5,14006.1,14004.2,0.943657,2800.85
Images/bsd_187039_320x214.jpg,omp_soa,4,200,3,5,14020.8,14018.8,1.02326,2803.76
Images/bsd_187039_320x214.jpg,omp_soa,4,200,4,5,13970.4,13968.4,0.960389,2793.69
Images/bsd_187039_320x214.jpg,omp_soa,4,200,5,5,14058.3,14056.2,1.02917,2811.24
Images/bsd_187039_320x214.jpg,omp_soa,8,200,1,5,7190.93,7188.81,1.02037,1437.76
Images/bsd_187039_320x214.jpg,omp_soa,8,200,2,5,7677.52,7675.73,0.834006,1535.15
Images/bsd_187039_320x214.jpg,omp_soa,8,200,3,5,7224.37,7222.37,1.02962,1444.47
Images/bsd_187039_320x214.jpg,omp_soa,8,200,4,5,7199.09,7197.27,0.831262,1439.45
Images/bsd_187039_320x214.jpg,omp_soa,8,200,5,5,7362.75,7360.65,1.03436,1472.13
Images/bsd_187039_320x214.jpg,omp_soa,12,200,1,5,5298.03,5296.11,0.979067,1059.22
Images/bsd_187039_320x214.jpg,omp_soa,12,200,2,5,5223.64,5221.62,0.964227,1044.32
Images/bsd_187039_320x214.jpg,omp_soa,12,200,3,5,5148.93,5147.1,0.837563,1029.42
Images/bsd_187039_320x214.jpg,omp_soa,12,200,4,5,5177.14,5175.1,0.964297,1035.02
Images/bsd_187039_320x214.jpg,omp_soa,12,200,5,5,5241.88,5239.84,0.87739,1047.97
Images/bsd_187039_320x214.jpg,omp_soa,24,200,1,5,4845.08,4842.91,1.1394,968.58
Images/bsd_187039_320x214.jpg,omp_soa,24,200,2,5,4870.13,4867.93,1.18706,973.59
Images/bsd_187039_320x214.jpg,omp_soa,24,200,3,5,4886.71,4884.33,1.3712,976.87
Images/bsd_187039_320x214.jpg,omp_soa,24,200,4,5,4875.66,4873.18,1.42681,974.64
Images/bsd_187039_320x214.jpg,omp_soa,24,200,5,5,4864.87,4862.47,1.35351,972.49
Images/bsd_187039_320x214.jpg,baseline,1,500,1,5,46478.5,46476.4,0.574821,9295.28
Images/bsd_187039_320x214.jpg,baseline,1,500,2,5,46465.3,46463.3,0.5795,9292.66
Images/bsd_187039_320x214.jpg,baseline,1,500,3,5,46439.8,46437.6,0.582837,9287.52
Images/bsd_187039_320x214.jpg,baseline,1,500,4,5,46439.4,46437.5,0.542228,9287.50
Images/bsd_187039_320x214.jpg,baseline,1,500,5,5,46432.4,46430.5,0.536327,9286.09
Images/bsd_187039_320x214.jpg,seq,1,500,1,5,40990.8,40989.3,0.552769,8197.85
Images/bsd_187039_320x214.jpg,seq,1,500,2,5,41029,41027.4,0.575182,8205.48
Images/bsd_187039_320x214.jpg,seq,1,500,3,5,41013.3,41011.8,0.528261,8202.36
Images/bsd_187039_320x214.jpg,seq,1,500,4,5,41011.1,41009.5,0.578217,8201.91
Images/bsd_187039_320x214.jpg,seq,1,500,5,5,41041.4,41039.7,0.618434,8207.95
Images/bsd_187039_320x214.jpg,soa,1,500,1,5,15886,15884.4,0.719608,3176.88
Images/bsd_187039_320x214.jpg,soa,1,500,2,5,15890.1,15888.5,0.717344,3177.69
Images/bsd_187039_320x214.jpg,soa,1,500,3,5,15875,15873.3,0.739246,3174.65
Images/bsd_187039_320x214.jpg,soa,1,500,4,5,15903.3,15901.8,0.691054,3180.35
Images/bsd_187039_320x214.jpg,soa,1,500,5,5,15894.3,15892.6,0.733945,3178.52
Images/bsd_187039_320x214.jpg,omp,1,500,1,5,41514.5,41512.8,0.613154,8302.56
Images/bsd_187039_320x214.jpg,omp,1,500,2,5,41525.1,41523.4,0.585984,8304.69
Images/bsd_187039_320x214.jpg,omp,1,500,3,5,41524.4,41522.7,0.602484,8304.54
Images/bsd_187039_320x214.jpg,omp,1,500,4,5,41524.9,41523.5,0.550658,8304.70
Images/bsd_187039_320x214.jpg,omp,1,500,5,5,41513.3,41511.8,0.55284,8302.37
Images/bsd_187039_320x214.jpg,omp,2,500,1,5,20930.8,20929.2,0.591344,4185.83
Images/bsd_187039_320x214.jpg,omp,2,500,2,5,20945.3,20943.7,0.596122,4188.74
Images/bsd_187039_320x214.jpg,omp,2,500,3,5,20936.1,20934.5,0.569458,4186.91
Images/bsd_187039_320x214.jpg,omp,2,500,4,5,20953.4,20951.8,0.617712,4190.36
Images/bsd_187039_320x214.jpg,omp,2,500,5,5,20970.5,20968.7,0.818554,4193.74
Images/bsd_187039_320x214.jpg,omp,4,500,1,5,10664.1,10662.4,0.665494,2132.47
Images/bsd_187039_320x214.jpg,omp,4,500,2,5,10671.9,10670.4,0.565697,2134.08
Images/bsd_187039_320x214.jpg,omp,4,500,3,5,10661.7,10660.2,0.564514,2132.04
Images/bsd_187039_320x214.jpg,omp,4,500,4,5,10677.7,10676.2,0.5415,2135.24
Images/bsd_187039_320x214.jpg,omp,4,500,5,5,10691.6,10690.1,0.609523,2138.02
Images/bsd_187039_320x214.jpg,omp,8,500,1,5,5436.92,5435.23,0.604002,1087.05
Images/bsd_187039_320x214.jpg,omp,8,500,2,5,5427.89,5426.29,0.605163,1085.26
Images/bsd_187039_320x214.jpg,omp,8,500,3,5,5429.94,5428.28,0.604572,1085.66
Images/bsd_187039_320x214.jpg,omp,8,500,4,5,5431.91,5429.94,0.893325,1085.99
Images/bsd_187039_320x214.jpg,omp,8,500,5,5,5436.95,5435.27,0.608137,1087.05
Images/bsd_187039_320x214.jpg,omp,12,500,1,5,3843.42,3841.41,0.958542,768.28
Images/bsd_187039_320x214.jpg,omp,12,500,2,5,3784.69,3783,0.689105,756.60
Images/bsd_187039_320x214.jpg,omp,12,500,3,5,3763.79,3762.01,0.705978,752.40
Images/bsd_187039_320x214.jpg,omp,12,500,4,5,3734.15,3732.28,0.791485,746.46
Images/bsd_187039_320x214.jpg,omp,12,500,5,5,3692.5,3690.65,0.78889,738.13
Images/bsd_187039_320x214.jpg,omp,24,500,1,5,3457.58,3455.37,1.0936,691.07
Images/bsd_187039_320x214.jpg,omp,24,500,2,5,3467.2,3465.5,0.694856,693.10
Images/bsd_187039_320x214.jpg,omp,24,500,3,5,3510.47,3508.61,0.820632,701.72
Images/bsd_187039_320x214.jpg,omp,24,500,4,5,3504.32,3501.96,1.20779,700.39
Images/bsd_187039_320x214.jpg,omp,24,500,5,5,3497.23,3495.23,0.965253,699.05
Images/bsd_187039_320x214.jpg,omp_soa,1,500,1,5,53686.9,53685.2,0.747005,10737.05
Images/bsd_187039_320x214.jpg,omp_soa,1,500,2,5,53578.8,53577.2,0.780188,10715.43
Images/bsd_187039_320x214.jpg,omp_soa,1,500,3,5,53572.9,53571.3,0.730881,10714.26
Images/bsd_187039_320x214.jpg,omp_soa,1,500,4,5,53649,53647.2,0.751871,10729.45
Images/bsd_187039_320x214.jpg,omp_soa,1,500,5,5,53583.1,53581.4,0.759403,10716.28
Images/bsd_187039_320x214.jpg,omp_soa,2,500,1,5,27232.2,27230.4,0.728221,5446.09
Images/bsd_187039_320x214.jpg,omp_soa,2,500,2,5,27160.9,27159.1,0.792285,5431.83
Images/bsd_187039_320x214.jpg,omp_soa,2,500,3,5,27181.9,27180.2,0.728952,5436.05
Images/bsd_187039_320x214.jpg,omp_soa,2,500,4,5,27284.1,27282.1,1.00627,5456.42
Images/bsd_187039_320x214.jpg,omp_soa,2,500,5,5,27212.7,27210.9,0.750542,5442.18
Images/bsd_187039_320x214.jpg,omp_soa,4,500,1,5,13907.7,13905.8,0.98249,2781.16
Images/bsd_187039_320x214.jpg,omp_soa,4,500,2,5,13927.9,13926,0.976829,2785.19
Images/bsd_187039_320x214.jpg,omp_soa,4,500,3,5,13909.6,13908,0.721465,2781.60
Images/bsd_187039_320x214.jpg,omp_soa,4,500,4,5,14062.8,14061,0.759418,2812.20
Images/bsd_187039_320x214.jpg,omp_soa,4,500,5,5,13953.2,13951.4,0.904488,2790.27
Images/bsd_187039_320x214.jpg,omp_soa,8,500,1,5,7101.05,7099.33,0.734461,1419.87
Images/bsd_187039_320x214.jpg,omp_soa,8,500,2,5,7136.34,7134.36,0.981769,1426.87
Images/bsd_187039_320x214.jpg,omp_soa,8,500,3,5,7143.44,7141.77,0.719351,1428.35
Images/bsd_187039_320x214.jpg,omp_soa,8,500,4,5,7140.12,7138.25,0.773816,1427.65
Images/bsd_187039_320x214.jpg,omp_soa,8,500,5,5,7138.4,7136.6,0.855343,1427.32
Images/bsd_187039_320x214.jpg,omp_soa,12,500,1,5,5194.93,5192.62,1.29856,1038.52
Images/bsd_187039_320x214.jpg,omp_soa,12,500,2,5,5098.65,5096.65,1.00526,1019.33
Images/bsd_187039_320x214.jpg,omp_soa,12,500,3,5,5186.05,5184.3,0.774657,1036.86
Images/bsd_187039_320x214.jpg,omp_soa,12,500,4,5,5290.88,5288.91,0.976718,1057.78
Images/bsd_187039_320x214.jpg,omp_soa,12,500,5,5,5265.67,5263.54,0.966397,1052.71
Images/bsd_187039_320x214.jpg,omp_soa,24,500,1,5,5111.82,5109.85,0.935148,1021.97
Images/bsd_187039_320x214.jpg,omp_soa,24,500,2,5,5122.41,5120.44,0.959493,1024.09
Images/bsd_187039_320x214.jpg,omp_soa,24,500,3,5,5161.73,5159.6,0.993518,1031.92
Images/bsd_187039_320x214.jpg,omp_soa,24,500,4,5,5145.73,5143.66,0.985303,1028.73
Images/bsd_187039_320x214.jpg,omp_soa,24,500,5,5,5137.6,5135.84,0.841164,1027.17
Images/bsd_187039_320x214.jpg,baseline,1,1000,1,5,46471.5,46469.3,0.599287,9293.87
Images/bsd_187039_320x214.jpg,baseline,1,1000,2,5,46474,46471.8,0.588706,9294.37
Images/bsd_187039_320x214.jpg,baseline,1,1000,3,5,46442.6,46440.5,0.582774,9288.09
Images/bsd_187039_320x214.jpg,baseline,1,1000,4,5,46429.1,46427.1,0.579768,9285.42
Images/bsd_187039_320x214.jpg,baseline,1,1000,5,5,46442.5,46440.3,0.580009,9288.05
Images/bsd_187039_320x214.jpg,seq,1,1000,1,5,41002.9,41001.4,0.556463,8200.27
Images/bsd_187039_320x214.jpg,seq,1,1000,2,5,41040.4,41038.7,0.574016,8207.74
Images/bsd_187039_320x214.jpg,seq,1,1000,3,5,41034.4,41032.8,0.537425,8206.55
Images/bsd_187039_320x214.jpg,seq,1,1000,4,5,41013,41011.6,0.525792,8202.32
Images/bsd_187039_320x214.jpg,seq,1,1000,5,5,41007,41005.4,0.574677,8201.08
Images/bsd_187039_320x214.jpg,soa,1,1000,1,5,15875.8,15874,0.740196,3174.80
Images/bsd_187039_320x214.jpg,soa,1,1000,2,5,15897.2,15895.6,0.686312,3179.12
Images/bsd_187039_320x214.jpg,soa,1,1000,3,5,15869.2,15867.6,0.692093,3173.52
Images/bsd_187039_320x214.jpg,soa,1,1000,4,5,15909.4,15907.7,0.720177,3181.53
Images/bsd_187039_320x214.jpg,soa,1,1000,5,5,15890.1,15888.4,0.741869,3177.67
Images/bsd_187039_320x214.jpg,omp,1,1000,1,5,41514.9,41513.3,0.562933,8302.65
Images/bsd_187039_320x214.jpg,omp,1,1000,2,5,41546.1,41544.4,0.594944,8308.89
Images/bsd_187039_320x214.jpg,omp,1,1000,3,5,41547.1,41545.5,0.575138,8309.10
Images/bsd_187039_320x214.jpg,omp,1,1000,4,5,41555.8,41554.1,0.598021,8310.83
Images/bsd_187039_320x214.jpg,omp,1,1000,5,5,41545.8,41544.1,0.642357,8308.82
Images/bsd_187039_320x214.jpg,omp,2,1000,1,5,20926.3,20924.7,0.551632,4184.94
Images/bsd_187039_320x214.jpg,omp,2,1000,2,5,20973.7,20972,0.592401,4194.40
Images/bsd_187039_320x214.jpg,omp,2,1000,3,5,20965.4,20963.8,0.576139,4192.76
Images/bsd_187039_320x214.jpg,omp,2,1000,4,5,20941.2,20939.7,0.556858,4187.94
Images/bsd_187039_320x214.jpg,omp,2,1000,5,5,20967.4,20965.8,0.592478,4193.15
Images/bsd_187039_320x214.jpg,omp,4,1000,1,5,10664.7,10663,0.607498,2132.60
Images/bsd_187039_320x214.jpg,omp,4,1000,2,5,10662.8,10661.2,0.609642,2132.23
Images/bsd_187039_320x214.jpg,omp,4,1000,3,5,10667.4,10665.7,0.596791,2133.13
Images/bsd_187039_320x214.jpg,omp,4,1000,4,5,10694.8,10693.1,0.586173,2138.62
Images/bsd_187039_320x214.jpg,omp,4,1000,5,5,10671.3,10669.8,0.602693,2133.95
Images/bsd_187039_320x214.jpg,omp,8,1000,1,5,5489.98,5488.31,0.663576,1097.66
Images/bsd_187039_320x214.jpg,omp,8,1000,2,5,5442.68,5441.01,0.615327,1088.20
Images/bsd_187039_320x214.jpg,omp,8,1000,3,5,5427.85,5426.08,0.61618,1085.22
Images/bsd_187039_320x214.jpg,omp,8,1000,4,5,5429.65,5428.08,0.56152,1085.62
Images/bsd_187039_320x214.jpg,omp,8,1000,5,5,5436.07,5434.5,0.578983,1086.90
Images/bsd_187039_320x214.jpg,omp,12,1000,1,5,3745.22,3743.58,0.599541,748.72
Images/bsd_187039_320x214.jpg,omp,12,1000,2,5,3745.99,3744.01,0.859563,748.80
Images/bsd_187039_320x214.jpg,omp,12,1000,3,5,3750.99,3748.99,0.987982,749.80
Images/bsd_187039_320x214.jpg,omp,12,1000,4,5,3757.45,3755.89,0.571881,751.18
Images/bsd_187039_320x214.jpg,omp,12,1000,5,5,3746.84,3745.23,0.585176,749.05
Images/bsd_187039_320x214.jpg,omp,24,1000,1,5,3469.71,3467.59,1.01264,693.52
Images/bsd_187039_320x214.jpg,omp,24,1000,2,5,3460.99,3459.07,0.821524,691.81
Images/bsd_187039_320x214.jpg,omp,24,1000,3,5,3493.3,3490.9,1.26466,698.18
Images/bsd_187039_320x214.jpg,omp,24,1000,4,5,3453.87,3451.75,1.01616,690.35
Images/bsd_187039_320x214.jpg,omp,24,1000,5,5,3496.98,3494.88,0.906844,698.98
Images/bsd_187039_320x214.jpg,omp_soa,1,1000,1,5,53711.2,53709.4,0.738797,10741.89
Images/bsd_187039_320x214.jpg,omp_soa,1,1000,2,5,53615.3,53613.8,0.698425,10722.75
Images/bsd_187039_320x214.jpg,omp_soa,1,1000,3,5,53640,53638.3,0.733614,10727.65
Images/bsd_187039_320x214.jpg,omp_soa,1,1000,4,5,53754.9,53753.4,0.704402,10750.67
Images/bsd_187039_320x214.jpg,omp_soa,1,1000,5,5,53700.3,53698.7,0.721016,10739.74
Images/bsd_187039_320x214.jpg,omp_soa,2,1000,1,5,27252.7,27251,0.724766,5450.21
Images/bsd_187039_320x214.jpg,omp_soa,2,1000,2,5,27212.9,27210.8,1.02497,5442.16
Images/bsd_187039_320x214.jpg,omp_soa,2,1000,3,5,27212.2,27210.4,0.736039,5442.08
Images/bsd_187039_320x214.jpg,omp_soa,2,1000,4,5,29475.2,29473.4,0.881355,5894.68
Images/bsd_187039_320x214.jpg,omp_soa,2,1000,5,5,27231.5,27229.4,1.01959,5445.89
Images/bsd_187039_320x214.jpg,omp_soa,4,1000,1,5,13881.7,13879.7,0.990923,2775.94
Images/bsd_187039_320x214.jpg,omp_soa,4,1000,2,5,13875.4,13873.7,0.708219,2774.75
Images/bsd_187039_320x214.jpg,omp_soa,4,1000,3,5,13912.9,13911.2,0.772401,2782.23
Images/bsd_187039_320x214.jpg,omp_soa,4,1000,4,5,13876.4,13874.5,0.767803,2774.90
Images/bsd_187039_320x214.jpg,omp_soa,4,1000,5,5,13926.1,13924,1.0253,2784.79
Images/bsd_187039_320x214.jpg,omp_soa,8,1000,1,5,7137.6,7135.85,0.745382,1427.17
Images/bsd_187039_320x214.jpg,omp_soa,8,1000,2,5,7113.12,7111.29,0.7548,1422.26
Images/bsd_187039_320x214.jpg,omp_soa,8,1000,3,5,8018.45,8016.43,1.01229,1603.29
Images/bsd_187039_320x214.jpg,omp_soa,8,1000,4,5,7150.15,7148.45,0.726787,1429.69
Images/bsd_187039_320x214.jpg,omp_soa,8,1000,5,5,7250.83,7248.73,1.02538,1449.75
Images/bsd_187039_320x214.jpg,omp_soa,12,1000,1,5,5116.72,5115.01,0.76531,1023.00
Images/bsd_187039_320x214.jpg,omp_soa,12,1000,2,5,5091.98,5090.13,0.772805,1018.03
Images/bsd_187039_320x214.jpg,omp_soa,12,1000,3,5,5199.55,5197.47,0.973216,1039.49
Images/bsd_187039_320x214.jpg,omp_soa,12,1000,4,5,5075.7,5073.89,0.783696,1014.78
Images/bsd_187039_320x214.jpg,omp_soa,12,1000,5,5,5090.22,5088.13,1.04065,1017.63
Images/bsd_187039_320x214.jpg,omp_soa,24,1000,1,5,5124.76,5122.67,1.00288,1024.53
Images/bsd_187039_320x214.jpg,omp_soa,24,1000,2,5,5105.66,5103.45,1.17394,1020.69
Images/bsd_187039_320x214.jpg,omp_soa,24,1000,3,5,5125.22,5123.36,0.902793,1024.67
Images/bsd_187039_320x214.jpg,omp_soa,24,1000,4,5,5145.37,5143.29,0.959881,1028.66
Images/bsd_187039_320x214.jpg,omp_soa,24,1000,5,5,5170.03,5168.19,0.906591,1033.64
